{"schemaVersion":"1.0","appDefinitionTemplate":{"id":"/providers/Microsoft.PowerApps/apps/","type":"Microsoft.PowerApps/apps","tags":{"primaryDeviceWidth":"640","primaryDeviceHeight":"1136","sienaVersion":"20210602T111515Z-3.21054.28.0","deviceCapabilities":"","supportsPortrait":"true","supportsLandscape":"false","primaryFormFactor":"Phone","publisherVersion":"3.21054.28","minimumRequiredApiVersion":"2.2.0","hasComponent":"false","hasUnlockedComponent":"false","isUnifiedRootApp":"false"},"properties":{"appVersion":"2021-06-02T11:15:15Z","lifeCycleId":"Published","createdByClientVersion":{"major":3,"minor":21054,"build":28,"revision":0,"majorRevision":0,"minorRevision":0},"minClientVersion":{"major":3,"minor":21054,"build":28,"revision":0,"majorRevision":0,"minorRevision":0},"backgroundColor":"rgba(0, 176, 240, 1)","backgroundImageUri":"/15838371622312810738/Nd978f21b-0dfa-48dc-b0b0-71f94da417c8-logoSmallFile","displayName":"Vaccum_Cleanr_Object_Detectore#2","description":"","commitMessage":"","appUris":{"documentUri":{"value":"/15838371622312810738/N4e7f8520-9daf-4670-a353-e09b1d94cac8-document.msapp"},"imageUris":[]},"createdTime":"0001-01-01T00:00:00Z","lastModifiedTime":"0001-01-01T00:00:00Z","sharedGroupsCount":0,"sharedUsersCount":0,"icons":{"smallIconUri":"/15838371622312810738/N9e68d525-97e3-40b1-80ac-c6c4b3dde847-small.png","mediumIconUri":"/15838371622312810738/Nc9d4bd44-4044-48d0-936a-e200ab4e463c-medium.png","largeIconUri":"/15838371622312810738/N8b069223-208e-4676-8925-5179f6f32407-large.png","wideIconUri":"/15838371622312810738/N06e45adb-dadc-4426-94b0-62ec4d496ca1-wide.png"},"connectionReferences":{"e4d94c0a-83b5-46dd-afb3-6447bf2fc861":{"id":"d4d1b81a-73ae-4227-b525-797d82b8ebfb","displayName":"Office 365 Users","iconUri":"https://connectoricons-prod.azureedge.net/releases/v1.0.1472/1.0.1472.2427/office365users/icon.png","dataSources":["Office365Users"],"dependencies":[],"dependents":[],"parameterHints":{},"isOnPremiseConnection":false,"bypassConsent":false,"dataSets":{},"apiTier":"Standard","isCustomApiConnection":false},"b62fb50e-2293-489c-8b50-e6d6143f49fc":{"id":"352f3e67-3c07-48c0-abce-7ceda5a1dd24","displayName":"Excel","iconUri":"https://connectoricons-prod.azureedge.net/releases/v1.0.1463/1.0.1463.2403/excel/icon.png","dataSources":["Vaccum_cleaner"],"dependencies":["d13071aa-3911-46fd-a2ef-ec362a403157"],"dependents":[],"parameterHints":{"d13071aa-3911-46fd-a2ef-ec362a403157":{"value":"fileSource"}},"isOnPremiseConnection":false,"bypassConsent":false,"dataSets":{"b!4jupnVPzYE-YR86Ayioh2Ah_y4kux0RHjEDLNqPC2nZpEGR0VhtWRawhhKzjwUJv.013LIT2TCF74BPSKDLZZF3O34RMX7BIM5N":{"dataSources":{"Vaccum_cleaner":{"tableName":"Vaccum_cleaner"}}}},"apiTier":"Standard","isCustomApiConnection":false},"d13071aa-3911-46fd-a2ef-ec362a403157":{"id":"02e66c84-1f73-4452-8698-0e1889752768","displayName":"OneDrive for Business","iconUri":"https://connectoricons-prod.azureedge.net/releases/v1.0.1473/1.0.1473.2431/onedriveforbusiness/icon.png","dataSources":[],"dependencies":[],"dependents":["b62fb50e-2293-489c-8b50-e6d6143f49fc"],"parameterHints":{},"isOnPremiseConnection":false,"bypassConsent":false,"dataSets":{},"apiTier":"Standard","isCustomApiConnection":false}},"databaseReferences":{"default.cds":{"databaseDetails":{"referenceType":"Environmental","environmentName":"default.cds","overrideValues":{"status":"NotSpecified"}},"dataSources":{"43b0dc67-68af-47ae-9a9c-9e69d396ba3e":{"entitySetName":"msdyn_aimodels","logicalName":"msdyn_aimodel"},"18333537-fdd1-4579-907c-955609c15d25":{"entitySetName":"msdyn_aiconfigurations","logicalName":"msdyn_aiconfiguration"},"39a6196f-02b0-4fc1-9715-78a41651bedd":{"entitySetName":"msdyn_aiodlabels","logicalName":"msdyn_aiodlabel"},"Activities":{"entitySetName":"activitypointers","logicalName":"activitypointer"}}}},"almMode":"Environment","performanceOptimizationEnabled":true,"canConsumeAppPass":true,"executionRestrictions":{"isTeamsOnly":false,"dataLossPreventionEvaluationResult":{"status":"Compliant","lastEvaluationDate":"2021-06-02T04:58:42.0481261Z","violations":[],"violationsByPolicy":[],"violationErrorMessage":"The app uses the following connectors: shared_commondataservice."}}},"appType":"ClassicCanvasApp","appComponents":[]}}